{"cameraMode":{"drawMode":0,"name":"Shaded","section":"Shading Mode"},"sceneLighting":true,"audioPlay":false,"sceneViewState":{"m_AlwaysRefresh":false,"showFog":true,"showSkybox":true,"showFlares":true,"showImageEffects":true,"showParticleSystems":true,"showVisualEffectGraphs":true,"m_FxEnabled":true},"in2DMode":false,"pivot":{"x":-12.230884552001954,"y":-0.20413218438625337,"z":-26.028541564941408},"rotation":{"x":0.011504805646836758,"y":0.9846503138542175,"z":-0.07132422178983689,"w":0.15883232653141023},"size":9.550000190734864,"orthographic":false}